timestamp,device_id,device_category,location_floor,location_zone,power_w,occupancy_status
2025-02-07 00:00:00,hvac_301,hvac,Floor 3,Zone A,4200,occupied
2025-02-07 00:00:00,light_301,lighting,Floor 3,Zone A,1800,occupied
2025-02-07 00:00:00,server_101,server,Floor 1,Server Room,900,occupied
2025-02-07 00:10:00,hvac_301,hvac,Floor 3,Zone A,4200,occupied
2025-02-07 00:10:00,light_301,lighting,Floor 3,Zone A,1800,occupied
2025-02-07 00:10:00,server_101,server,Floor 1,Server Room,900,occupied
2025-02-07 00:20:00,hvac_301,hvac,Floor 3,Zone A,4200,occupied
2025-02-07 00:20:00,light_301,lighting,Floor 3,Zone A,1800,occupied
2025-02-07 00:20:00,server_101,server,Floor 1,Server Room,900,occupied
2025-02-07 00:30:00,hvac_301,hvac,Floor 3,Zone A,4200,occupied
2025-02-07 00:30:00,light_301,lighting,Floor 3,Zone A,1800,occupied
2025-02-07 00:30:00,server_101,server,Floor 1,Server Room,900,occupied
2025-02-07 00:40:00,hvac_301,hvac,Floor 3,Zone A,4200,occupied
2025-02-07 00:40:00,light_301,lighting,Floor 3,Zone A,1800,occupied
2025-02-07 00:40:00,server_101,server,Floor 1,Server Room,900,occupied
2025-02-07 00:50:00,hvac_301,hvac,Floor 3,Zone A,4200,occupied
2025-02-07 00:50:00,light_301,lighting,Floor 3,Zone A,1800,occupied
2025-02-07 00:50:00,server_101,server,Floor 1,Server Room,900,occupied
2025-02-07 01:00:00,hvac_301,hvac,Floor 3,Zone A,4200,occupied
2025-02-07 01:00:00,light_301,lighting,Floor 3,Zone A,1800,occupied
2025-02-07 01:00:00,server_101,server,Floor 1,Server Room,900,occupied
2025-02-07 01:10:00,hvac_301,hvac,Floor 3,Zone A,4200,occupied
2025-02-07 01:10:00,light_301,lighting,Floor 3,Zone A,1800,occupied
2025-02-07 01:10:00,server_101,server,Floor 1,Server Room,900,occupied
2025-02-07 01:20:00,hvac_301,hvac,Floor 3,Zone A,4200,occupied
2025-02-07 01:20:00,light_301,lighting,Floor 3,Zone A,1800,occupied
2025-02-07 01:20:00,server_101,server,Floor 1,Server Room,900,occupied
2025-02-07 01:30:00,hvac_301,hvac,Floor 3,Zone A,4200,occupied
2025-02-07 01:30:00,light_301,lighting,Floor 3,Zone A,1800,occupied
2025-02-07 01:30:00,server_101,server,Floor 1,Server Room,900,occupied
2025-02-07 01:40:00,hvac_301,hvac,Floor 3,Zone A,4200,occupied
2025-02-07 01:40:00,light_301,lighting,Floor 3,Zone A,1800,occupied
2025-02-07 01:40:00,server_101,server,Floor 1,Server Room,900,occupied
2025-02-07 01:50:00,hvac_301,hvac,Floor 3,Zone A,4200,occupied
2025-02-07 01:50:00,light_301,lighting,Floor 3,Zone A,1800,occupied
2025-02-07 01:50:00,server_101,server,Floor 1,Server Room,900,occupied
2025-02-07 02:00:00,hvac_301,hvac,Floor 3,Zone A,4200,occupied
2025-02-07 02:00:00,light_301,lighting,Floor 3,Zone A,1800,occupied
2025-02-07 02:00:00,server_101,server,Floor 1,Server Room,900,occupied
2025-02-07 02:10:00,hvac_301,hvac,Floor 3,Zone A,4200,occupied
2025-02-07 02:10:00,light_301,lighting,Floor 3,Zone A,1800,occupied
2025-02-07 02:10:00,server_101,server,Floor 1,Server Room,900,occupied
2025-02-07 02:20:00,hvac_301,hvac,Floor 3,Zone A,4200,occupied
2025-02-07 02:20:00,light_301,lighting,Floor 3,Zone A,1800,occupied
2025-02-07 02:20:00,server_101,server,Floor 1,Server Room,900,occupied
2025-02-07 02:30:00,hvac_301,hvac,Floor 3,Zone A,4200,occupied
2025-02-07 02:30:00,light_301,lighting,Floor 3,Zone A,1800,occupied
2025-02-07 02:30:00,server_101,server,Floor 1,Server Room,900,occupied
2025-02-07 02:40:00,hvac_301,hvac,Floor 3,Zone A,4200,occupied
2025-02-07 02:40:00,light_301,lighting,Floor 3,Zone A,1800,occupied
2025-02-07 02:40:00,server_101,server,Floor 1,Server Room,900,occupied
2025-02-07 02:50:00,hvac_301,hvac,Floor 3,Zone A,4200,occupied
2025-02-07 02:50:00,light_301,lighting,Floor 3,Zone A,1800,occupied
2025-02-07 02:50:00,server_101,server,Floor 1,Server Room,900,occupied
2025-02-07 03:00:00,hvac_301,hvac,Floor 3,Zone A,4200,occupied
2025-02-07 03:00:00,light_301,lighting,Floor 3,Zone A,1800,occupied
2025-02-07 03:00:00,server_101,server,Floor 1,Server Room,900,occupied
2025-02-07 03:10:00,hvac_301,hvac,Floor 3,Zone A,4200,occupied
2025-02-07 03:10:00,light_301,lighting,Floor 3,Zone A,1800,occupied
2025-02-07 03:10:00,server_101,server,Floor 1,Server Room,900,occupied
2025-02-07 03:20:00,hvac_301,hvac,Floor 3,Zone A,4200,occupied
2025-02-07 03:20:00,light_301,lighting,Floor 3,Zone A,1800,occupied
2025-02-07 03:20:00,server_101,server,Floor 1,Server Room,900,occupied
2025-02-07 03:30:00,hvac_301,hvac,Floor 3,Zone A,4200,occupied
2025-02-07 03:30:00,light_301,lighting,Floor 3,Zone A,1800,occupied
2025-02-07 03:30:00,server_101,server,Floor 1,Server Room,900,occupied
2025-02-07 03:40:00,hvac_301,hvac,Floor 3,Zone A,4200,occupied
2025-02-07 03:40:00,light_301,lighting,Floor 3,Zone A,1800,occupied
2025-02-07 03:40:00,server_101,server,Floor 1,Server Room,900,occupied
2025-02-07 03:50:00,hvac_301,hvac,Floor 3,Zone A,4200,occupied
2025-02-07 03:50:00,light_301,lighting,Floor 3,Zone A,1800,occupied
2025-02-07 03:50:00,server_101,server,Floor 1,Server Room,900,occupied
2025-02-07 04:00:00,hvac_301,hvac,Floor 3,Zone A,4200,occupied
2025-02-07 04:00:00,light_301,lighting,Floor 3,Zone A,1800,occupied
2025-02-07 04:00:00,server_101,server,Floor 1,Server Room,900,occupied
2025-02-07 04:10:00,hvac_301,hvac,Floor 3,Zone A,4200,occupied
2025-02-07 04:10:00,light_301,lighting,Floor 3,Zone A,1800,occupied
2025-02-07 04:10:00,server_101,server,Floor 1,Server Room,900,occupied
2025-02-07 04:20:00,hvac_301,hvac,Floor 3,Zone A,4200,occupied
2025-02-07 04:20:00,light_301,lighting,Floor 3,Zone A,1800,occupied
2025-02-07 04:20:00,server_101,server,Floor 1,Server Room,900,occupied
2025-02-07 04:30:00,hvac_301,hvac,Floor 3,Zone A,4200,occupied
2025-02-07 04:30:00,light_301,lighting,Floor 3,Zone A,1800,occupied
2025-02-07 04:30:00,server_101,server,Floor 1,Server Room,900,occupied
2025-02-07 04:40:00,hvac_301,hvac,Floor 3,Zone A,4200,occupied
2025-02-07 04:40:00,light_301,lighting,Floor 3,Zone A,1800,occupied
2025-02-07 04:40:00,server_101,server,Floor 1,Server Room,900,occupied
2025-02-07 04:50:00,hvac_301,hvac,Floor 3,Zone A,4200,occupied
2025-02-07 04:50:00,light_301,lighting,Floor 3,Zone A,1800,occupied
2025-02-07 04:50:00,server_101,server,Floor 1,Server Room,900,occupied
2025-02-07 05:00:00,hvac_301,hvac,Floor 3,Zone A,4200,occupied
2025-02-07 05:00:00,light_301,lighting,Floor 3,Zone A,1800,occupied
2025-02-07 05:00:00,server_101,server,Floor 1,Server Room,900,occupied
2025-02-07 05:10:00,hvac_301,hvac,Floor 3,Zone A,4200,occupied
2025-02-07 05:10:00,light_301,lighting,Floor 3,Zone A,1800,occupied
2025-02-07 05:10:00,server_101,server,Floor 1,Server Room,900,occupied
2025-02-07 05:20:00,hvac_301,hvac,Floor 3,Zone A,4200,occupied
2025-02-07 05:20:00,light_301,lighting,Floor 3,Zone A,1800,occupied
2025-02-07 05:20:00,server_101,server,Floor 1,Server Room,900,occupied
2025-02-07 05:30:00,hvac_301,hvac,Floor 3,Zone A,4200,occupied
2025-02-07 05:30:00,light_301,lighting,Floor 3,Zone A,1800,occupied
2025-02-07 05:30:00,server_101,server,Floor 1,Server Room,900,occupied
2025-02-07 05:40:00,hvac_301,hvac,Floor 3,Zone A,4200,occupied
2025-02-07 05:40:00,light_301,lighting,Floor 3,Zone A,1800,occupied
2025-02-07 05:40:00,server_101,server,Floor 1,Server Room,900,occupied
2025-02-07 05:50:00,hvac_301,hvac,Floor 3,Zone A,4200,occupied
2025-02-07 05:50:00,light_301,lighting,Floor 3,Zone A,1800,occupied
2025-02-07 05:50:00,server_101,server,Floor 1,Server Room,900,occupied
2025-02-07 06:00:00,hvac_301,hvac,Floor 3,Zone A,4200,occupied
2025-02-07 06:00:00,light_301,lighting,Floor 3,Zone A,1800,occupied
2025-02-07 06:00:00,server_101,server,Floor 1,Server Room,900,occupied
2025-02-07 06:10:00,hvac_301,hvac,Floor 3,Zone A,4200,occupied
2025-02-07 06:10:00,light_301,lighting,Floor 3,Zone A,1800,occupied
2025-02-07 06:10:00,server_101,server,Floor 1,Server Room,900,occupied
2025-02-07 06:20:00,hvac_301,hvac,Floor 3,Zone A,4200,occupied
2025-02-07 06:20:00,light_301,lighting,Floor 3,Zone A,1800,occupied
2025-02-07 06:20:00,server_101,server,Floor 1,Server Room,900,occupied
2025-02-07 06:30:00,hvac_301,hvac,Floor 3,Zone A,4200,occupied
2025-02-07 06:30:00,light_301,lighting,Floor 3,Zone A,1800,occupied
2025-02-07 06:30:00,server_101,server,Floor 1,Server Room,900,occupied
2025-02-07 06:40:00,hvac_301,hvac,Floor 3,Zone A,4200,occupied
2025-02-07 06:40:00,light_301,lighting,Floor 3,Zone A,1800,occupied
2025-02-07 06:40:00,server_101,server,Floor 1,Server Room,900,occupied
2025-02-07 06:50:00,hvac_301,hvac,Floor 3,Zone A,4200,occupied
2025-02-07 06:50:00,light_301,lighting,Floor 3,Zone A,1800,occupied
2025-02-07 06:50:00,server_101,server,Floor 1,Server Room,900,occupied
2025-02-07 07:00:00,hvac_301,hvac,Floor 3,Zone A,4200,occupied
2025-02-07 07:00:00,light_301,lighting,Floor 3,Zone A,1800,occupied
2025-02-07 07:00:00,server_101,server,Floor 1,Server Room,900,occupied
2025-02-07 07:10:00,hvac_301,hvac,Floor 3,Zone A,4200,occupied
2025-02-07 07:10:00,light_301,lighting,Floor 3,Zone A,1800,occupied
2025-02-07 07:10:00,server_101,server,Floor 1,Server Room,900,occupied
2025-02-07 07:20:00,hvac_301,hvac,Floor 3,Zone A,4200,occupied
2025-02-07 07:20:00,light_301,lighting,Floor 3,Zone A,1800,occupied
2025-02-07 07:20:00,server_101,server,Floor 1,Server Room,900,occupied
2025-02-07 07:30:00,hvac_301,hvac,Floor 3,Zone A,4200,occupied
2025-02-07 07:30:00,light_301,lighting,Floor 3,Zone A,1800,occupied
2025-02-07 07:30:00,server_101,server,Floor 1,Server Room,900,occupied
2025-02-07 07:40:00,hvac_301,hvac,Floor 3,Zone A,4200,occupied
2025-02-07 07:40:00,light_301,lighting,Floor 3,Zone A,1800,occupied
2025-02-07 07:40:00,server_101,server,Floor 1,Server Room,900,occupied
2025-02-07 07:50:00,hvac_301,hvac,Floor 3,Zone A,4200,occupied
2025-02-07 07:50:00,light_301,lighting,Floor 3,Zone A,1800,occupied
2025-02-07 07:50:00,server_101,server,Floor 1,Server Room,900,occupied
2025-02-07 08:00:00,hvac_301,hvac,Floor 3,Zone A,4200,occupied
2025-02-07 08:00:00,light_301,lighting,Floor 3,Zone A,1800,occupied
2025-02-07 08:00:00,server_101,server,Floor 1,Server Room,900,occupied
2025-02-07 08:10:00,hvac_301,hvac,Floor 3,Zone A,4225,occupied
2025-02-07 08:10:00,light_301,lighting,Floor 3,Zone A,1816,occupied
2025-02-07 08:10:00,server_101,server,Floor 1,Server Room,904,occupied
2025-02-07 08:20:00,hvac_301,hvac,Floor 3,Zone A,4250,occupied
2025-02-07 08:20:00,light_301,lighting,Floor 3,Zone A,1833,occupied
2025-02-07 08:20:00,server_101,server,Floor 1,Server Room,908,occupied
2025-02-07 08:30:00,hvac_301,hvac,Floor 3,Zone A,4275,occupied
2025-02-07 08:30:00,light_301,lighting,Floor 3,Zone A,1850,occupied
2025-02-07 08:30:00,server_101,server,Floor 1,Server Room,912,occupied
2025-02-07 08:40:00,hvac_301,hvac,Floor 3,Zone A,4300,occupied
2025-02-07 08:40:00,light_301,lighting,Floor 3,Zone A,1866,occupied
2025-02-07 08:40:00,server_101,server,Floor 1,Server Room,916,occupied
2025-02-07 08:50:00,hvac_301,hvac,Floor 3,Zone A,4325,occupied
2025-02-07 08:50:00,light_301,lighting,Floor 3,Zone A,1883,occupied
2025-02-07 08:50:00,server_101,server,Floor 1,Server Room,920,occupied
2025-02-07 09:00:00,hvac_301,hvac,Floor 3,Zone A,4350,occupied
2025-02-07 09:00:00,light_301,lighting,Floor 3,Zone A,1900,occupied
2025-02-07 09:00:00,server_101,server,Floor 1,Server Room,925,occupied
2025-02-07 09:10:00,hvac_301,hvac,Floor 3,Zone A,4375,occupied
2025-02-07 09:10:00,light_301,lighting,Floor 3,Zone A,1916,occupied
2025-02-07 09:10:00,server_101,server,Floor 1,Server Room,929,occupied
2025-02-07 09:20:00,hvac_301,hvac,Floor 3,Zone A,4400,occupied
2025-02-07 09:20:00,light_301,lighting,Floor 3,Zone A,1933,occupied
2025-02-07 09:20:00,server_101,server,Floor 1,Server Room,933,occupied
2025-02-07 09:30:00,hvac_301,hvac,Floor 3,Zone A,4425,occupied
2025-02-07 09:30:00,light_301,lighting,Floor 3,Zone A,1950,occupied
2025-02-07 09:30:00,server_101,server,Floor 1,Server Room,937,occupied
2025-02-07 09:40:00,hvac_301,hvac,Floor 3,Zone A,4450,occupied
2025-02-07 09:40:00,light_301,lighting,Floor 3,Zone A,1966,occupied
2025-02-07 09:40:00,server_101,server,Floor 1,Server Room,941,occupied
2025-02-07 09:50:00,hvac_301,hvac,Floor 3,Zone A,4475,occupied
2025-02-07 09:50:00,light_301,lighting,Floor 3,Zone A,1983,occupied
2025-02-07 09:50:00,server_101,server,Floor 1,Server Room,945,occupied
2025-02-07 10:00:00,hvac_301,hvac,Floor 3,Zone A,4500,occupied
2025-02-07 10:00:00,light_301,lighting,Floor 3,Zone A,2000,occupied
2025-02-07 10:00:00,server_101,server,Floor 1,Server Room,950,occupied
2025-02-07 10:10:00,hvac_301,hvac,Floor 3,Zone A,4508,occupied
2025-02-07 10:10:00,light_301,lighting,Floor 3,Zone A,2004,occupied
2025-02-07 10:10:00,server_101,server,Floor 1,Server Room,950,occupied
2025-02-07 10:20:00,hvac_301,hvac,Floor 3,Zone A,4516,occupied
2025-02-07 10:20:00,light_301,lighting,Floor 3,Zone A,2008,occupied
2025-02-07 10:20:00,server_101,server,Floor 1,Server Room,950,occupied
2025-02-07 10:30:00,hvac_301,hvac,Floor 3,Zone A,4525,occupied
2025-02-07 10:30:00,light_301,lighting,Floor 3,Zone A,2012,occupied
2025-02-07 10:30:00,server_101,server,Floor 1,Server Room,950,occupied
2025-02-07 10:40:00,hvac_301,hvac,Floor 3,Zone A,4533,occupied
2025-02-07 10:40:00,light_301,lighting,Floor 3,Zone A,2016,occupied
2025-02-07 10:40:00,server_101,server,Floor 1,Server Room,950,occupied
2025-02-07 10:50:00,hvac_301,hvac,Floor 3,Zone A,4541,occupied
2025-02-07 10:50:00,light_301,lighting,Floor 3,Zone A,2020,occupied
2025-02-07 10:50:00,server_101,server,Floor 1,Server Room,950,occupied
2025-02-07 11:00:00,hvac_301,hvac,Floor 3,Zone A,4550,occupied
2025-02-07 11:00:00,light_301,lighting,Floor 3,Zone A,2025,occupied
2025-02-07 11:00:00,server_101,server,Floor 1,Server Room,950,occupied
2025-02-07 11:10:00,hvac_301,hvac,Floor 3,Zone A,4558,occupied
2025-02-07 11:10:00,light_301,lighting,Floor 3,Zone A,2029,occupied
2025-02-07 11:10:00,server_101,server,Floor 1,Server Room,950,occupied
2025-02-07 11:20:00,hvac_301,hvac,Floor 3,Zone A,4566,occupied
2025-02-07 11:20:00,light_301,lighting,Floor 3,Zone A,2033,occupied
2025-02-07 11:20:00,server_101,server,Floor 1,Server Room,950,occupied
2025-02-07 11:30:00,hvac_301,hvac,Floor 3,Zone A,4575,occupied
2025-02-07 11:30:00,light_301,lighting,Floor 3,Zone A,2037,occupied
2025-02-07 11:30:00,server_101,server,Floor 1,Server Room,950,occupied
2025-02-07 11:40:00,hvac_301,hvac,Floor 3,Zone A,4583,occupied
2025-02-07 11:40:00,light_301,lighting,Floor 3,Zone A,2041,occupied
2025-02-07 11:40:00,server_101,server,Floor 1,Server Room,950,occupied
2025-02-07 11:50:00,hvac_301,hvac,Floor 3,Zone A,4591,occupied
2025-02-07 11:50:00,light_301,lighting,Floor 3,Zone A,2045,occupied
2025-02-07 11:50:00,server_101,server,Floor 1,Server Room,950,occupied
2025-02-07 12:00:00,hvac_301,hvac,Floor 3,Zone A,4600,occupied
2025-02-07 12:00:00,light_301,lighting,Floor 3,Zone A,2050,occupied
2025-02-07 12:00:00,server_101,server,Floor 1,Server Room,950,occupied
2025-02-07 12:10:00,hvac_301,hvac,Floor 3,Zone A,4608,occupied
2025-02-07 12:10:00,light_301,lighting,Floor 3,Zone A,2054,occupied
2025-02-07 12:10:00,server_101,server,Floor 1,Server Room,950,occupied
2025-02-07 12:20:00,hvac_301,hvac,Floor 3,Zone A,4616,occupied
2025-02-07 12:20:00,light_301,lighting,Floor 3,Zone A,2058,occupied
2025-02-07 12:20:00,server_101,server,Floor 1,Server Room,950,occupied
2025-02-07 12:30:00,hvac_301,hvac,Floor 3,Zone A,4625,occupied
2025-02-07 12:30:00,light_301,lighting,Floor 3,Zone A,2062,occupied
2025-02-07 12:30:00,server_101,server,Floor 1,Server Room,950,occupied
2025-02-07 12:40:00,hvac_301,hvac,Floor 3,Zone A,4633,occupied
2025-02-07 12:40:00,light_301,lighting,Floor 3,Zone A,2066,occupied
2025-02-07 12:40:00,server_101,server,Floor 1,Server Room,950,occupied
2025-02-07 12:50:00,hvac_301,hvac,Floor 3,Zone A,4641,occupied
2025-02-07 12:50:00,light_301,lighting,Floor 3,Zone A,2070,occupied
2025-02-07 12:50:00,server_101,server,Floor 1,Server Room,950,occupied
2025-02-07 13:00:00,hvac_301,hvac,Floor 3,Zone A,4650,occupied
2025-02-07 13:00:00,light_301,lighting,Floor 3,Zone A,2075,occupied
2025-02-07 13:00:00,server_101,server,Floor 1,Server Room,950,occupied
2025-02-07 13:10:00,hvac_301,hvac,Floor 3,Zone A,4658,occupied
2025-02-07 13:10:00,light_301,lighting,Floor 3,Zone A,2079,occupied
2025-02-07 13:10:00,server_101,server,Floor 1,Server Room,950,occupied
2025-02-07 13:20:00,hvac_301,hvac,Floor 3,Zone A,4666,occupied
2025-02-07 13:20:00,light_301,lighting,Floor 3,Zone A,2083,occupied
2025-02-07 13:20:00,server_101,server,Floor 1,Server Room,950,occupied
2025-02-07 13:30:00,hvac_301,hvac,Floor 3,Zone A,4675,occupied
2025-02-07 13:30:00,light_301,lighting,Floor 3,Zone A,2087,occupied
2025-02-07 13:30:00,server_101,server,Floor 1,Server Room,950,occupied
2025-02-07 13:40:00,hvac_301,hvac,Floor 3,Zone A,4683,occupied
2025-02-07 13:40:00,light_301,lighting,Floor 3,Zone A,2091,occupied
2025-02-07 13:40:00,server_101,server,Floor 1,Server Room,950,occupied
2025-02-07 13:50:00,hvac_301,hvac,Floor 3,Zone A,4691,occupied
2025-02-07 13:50:00,light_301,lighting,Floor 3,Zone A,2095,occupied
2025-02-07 13:50:00,server_101,server,Floor 1,Server Room,950,occupied
2025-02-07 14:00:00,hvac_301,hvac,Floor 3,Zone A,4700,occupied
2025-02-07 14:00:00,light_301,lighting,Floor 3,Zone A,2100,occupied
2025-02-07 14:00:00,server_101,server,Floor 1,Server Room,950,occupied
2025-02-07 14:10:00,hvac_301,hvac,Floor 3,Zone A,4695,occupied
2025-02-07 14:10:00,light_301,lighting,Floor 3,Zone A,2091,occupied
2025-02-07 14:10:00,server_101,server,Floor 1,Server Room,950,occupied
2025-02-07 14:20:00,hvac_301,hvac,Floor 3,Zone A,4691,occupied
2025-02-07 14:20:00,light_301,lighting,Floor 3,Zone A,2083,occupied
2025-02-07 14:20:00,server_101,server,Floor 1,Server Room,950,occupied
2025-02-07 14:30:00,hvac_301,hvac,Floor 3,Zone A,4687,occupied
2025-02-07 14:30:00,light_301,lighting,Floor 3,Zone A,2075,occupied
2025-02-07 14:30:00,server_101,server,Floor 1,Server Room,950,occupied
2025-02-07 14:40:00,hvac_301,hvac,Floor 3,Zone A,4683,occupied
2025-02-07 14:40:00,light_301,lighting,Floor 3,Zone A,2066,occupied
2025-02-07 14:40:00,server_101,server,Floor 1,Server Room,950,occupied
2025-02-07 14:50:00,hvac_301,hvac,Floor 3,Zone A,4679,occupied
2025-02-07 14:50:00,light_301,lighting,Floor 3,Zone A,2058,occupied
2025-02-07 14:50:00,server_101,server,Floor 1,Server Room,950,occupied
2025-02-07 15:00:00,hvac_301,hvac,Floor 3,Zone A,4675,occupied
2025-02-07 15:00:00,light_301,lighting,Floor 3,Zone A,2050,occupied
2025-02-07 15:00:00,server_101,server,Floor 1,Server Room,950,occupied
2025-02-07 15:10:00,hvac_301,hvac,Floor 3,Zone A,4670,occupied
2025-02-07 15:10:00,light_301,lighting,Floor 3,Zone A,2041,occupied
2025-02-07 15:10:00,server_101,server,Floor 1,Server Room,950,occupied
2025-02-07 15:20:00,hvac_301,hvac,Floor 3,Zone A,4666,occupied
2025-02-07 15:20:00,light_301,lighting,Floor 3,Zone A,2033,occupied
2025-02-07 15:20:00,server_101,server,Floor 1,Server Room,950,occupied
2025-02-07 15:30:00,hvac_301,hvac,Floor 3,Zone A,4662,occupied
2025-02-07 15:30:00,light_301,lighting,Floor 3,Zone A,2025,occupied
2025-02-07 15:30:00,server_101,server,Floor 1,Server Room,950,occupied
2025-02-07 15:40:00,hvac_301,hvac,Floor 3,Zone A,4658,occupied
2025-02-07 15:40:00,light_301,lighting,Floor 3,Zone A,2016,occupied
2025-02-07 15:40:00,server_101,server,Floor 1,Server Room,950,occupied
2025-02-07 15:50:00,hvac_301,hvac,Floor 3,Zone A,4654,occupied
2025-02-07 15:50:00,light_301,lighting,Floor 3,Zone A,2008,occupied
2025-02-07 15:50:00,server_101,server,Floor 1,Server Room,950,occupied
2025-02-07 16:00:00,hvac_301,hvac,Floor 3,Zone A,4650,occupied
2025-02-07 16:00:00,light_301,lighting,Floor 3,Zone A,2000,occupied
2025-02-07 16:00:00,server_101,server,Floor 1,Server Room,950,occupied
2025-02-07 16:10:00,hvac_301,hvac,Floor 3,Zone A,4645,occupied
2025-02-07 16:10:00,light_301,lighting,Floor 3,Zone A,1991,occupied
2025-02-07 16:10:00,server_101,server,Floor 1,Server Room,950,occupied
2025-02-07 16:20:00,hvac_301,hvac,Floor 3,Zone A,4641,occupied
2025-02-07 16:20:00,light_301,lighting,Floor 3,Zone A,1983,occupied
2025-02-07 16:20:00,server_101,server,Floor 1,Server Room,950,occupied
2025-02-07 16:30:00,hvac_301,hvac,Floor 3,Zone A,4637,occupied
2025-02-07 16:30:00,light_301,lighting,Floor 3,Zone A,1975,occupied
2025-02-07 16:30:00,server_101,server,Floor 1,Server Room,950,occupied
2025-02-07 16:40:00,hvac_301,hvac,Floor 3,Zone A,4633,occupied
2025-02-07 16:40:00,light_301,lighting,Floor 3,Zone A,1966,occupied
2025-02-07 16:40:00,server_101,server,Floor 1,Server Room,950,occupied
2025-02-07 16:50:00,hvac_301,hvac,Floor 3,Zone A,4629,occupied
2025-02-07 16:50:00,light_301,lighting,Floor 3,Zone A,1958,occupied
2025-02-07 16:50:00,server_101,server,Floor 1,Server Room,950,occupied
2025-02-07 17:00:00,hvac_301,hvac,Floor 3,Zone A,4625,occupied
2025-02-07 17:00:00,light_301,lighting,Floor 3,Zone A,1950,occupied
2025-02-07 17:00:00,server_101,server,Floor 1,Server Room,950,occupied
2025-02-07 17:10:00,hvac_301,hvac,Floor 3,Zone A,4620,occupied
2025-02-07 17:10:00,light_301,lighting,Floor 3,Zone A,1941,occupied
2025-02-07 17:10:00,server_101,server,Floor 1,Server Room,950,occupied
2025-02-07 17:20:00,hvac_301,hvac,Floor 3,Zone A,4616,occupied
2025-02-07 17:20:00,light_301,lighting,Floor 3,Zone A,1933,occupied
2025-02-07 17:20:00,server_101,server,Floor 1,Server Room,950,occupied
2025-02-07 17:30:00,hvac_301,hvac,Floor 3,Zone A,4612,occupied
2025-02-07 17:30:00,light_301,lighting,Floor 3,Zone A,1925,occupied
2025-02-07 17:30:00,server_101,server,Floor 1,Server Room,950,occupied
2025-02-07 17:40:00,hvac_301,hvac,Floor 3,Zone A,4608,occupied
2025-02-07 17:40:00,light_301,lighting,Floor 3,Zone A,1916,occupied
2025-02-07 17:40:00,server_101,server,Floor 1,Server Room,950,occupied
2025-02-07 17:50:00,hvac_301,hvac,Floor 3,Zone A,4604,occupied
2025-02-07 17:50:00,light_301,lighting,Floor 3,Zone A,1908,occupied
2025-02-07 17:50:00,server_101,server,Floor 1,Server Room,950,occupied
2025-02-07 18:00:00,hvac_301,hvac,Floor 3,Zone A,4600,unoccupied
2025-02-07 18:00:00,light_301,lighting,Floor 3,Zone A,1900,unoccupied
2025-02-07 18:00:00,server_101,server,Floor 1,Server Room,950,unoccupied
2025-02-07 18:10:00,hvac_301,hvac,Floor 3,Zone A,4583,unoccupied
2025-02-07 18:10:00,light_301,lighting,Floor 3,Zone A,1883,unoccupied
2025-02-07 18:10:00,server_101,server,Floor 1,Server Room,945,unoccupied
2025-02-07 18:20:00,hvac_301,hvac,Floor 3,Zone A,4566,unoccupied
2025-02-07 18:20:00,light_301,lighting,Floor 3,Zone A,1866,unoccupied
2025-02-07 18:20:00,server_101,server,Floor 1,Server Room,941,unoccupied
2025-02-07 18:30:00,hvac_301,hvac,Floor 3,Zone A,4550,unoccupied
2025-02-07 18:30:00,light_301,lighting,Floor 3,Zone A,1850,unoccupied
2025-02-07 18:30:00,server_101,server,Floor 1,Server Room,937,unoccupied
2025-02-07 18:40:00,hvac_301,hvac,Floor 3,Zone A,4533,unoccupied
2025-02-07 18:40:00,light_301,lighting,Floor 3,Zone A,1833,unoccupied
2025-02-07 18:40:00,server_101,server,Floor 1,Server Room,933,unoccupied
2025-02-07 18:50:00,hvac_301,hvac,Floor 3,Zone A,4516,unoccupied
2025-02-07 18:50:00,light_301,lighting,Floor 3,Zone A,1816,unoccupied
2025-02-07 18:50:00,server_101,server,Floor 1,Server Room,929,unoccupied
2025-02-07 19:00:00,hvac_301,hvac,Floor 3,Zone A,4500,unoccupied
2025-02-07 19:00:00,light_301,lighting,Floor 3,Zone A,1800,unoccupied
2025-02-07 19:00:00,server_101,server,Floor 1,Server Room,925,unoccupied
2025-02-07 19:10:00,hvac_301,hvac,Floor 3,Zone A,4483,unoccupied
2025-02-07 19:10:00,light_301,lighting,Floor 3,Zone A,1783,unoccupied
2025-02-07 19:10:00,server_101,server,Floor 1,Server Room,920,unoccupied
2025-02-07 19:20:00,hvac_301,hvac,Floor 3,Zone A,4466,unoccupied
2025-02-07 19:20:00,light_301,lighting,Floor 3,Zone A,1766,unoccupied
2025-02-07 19:20:00,server_101,server,Floor 1,Server Room,916,unoccupied
2025-02-07 19:30:00,hvac_301,hvac,Floor 3,Zone A,4450,unoccupied
2025-02-07 19:30:00,light_301,lighting,Floor 3,Zone A,1750,unoccupied
2025-02-07 19:30:00,server_101,server,Floor 1,Server Room,912,unoccupied
2025-02-07 19:40:00,hvac_301,hvac,Floor 3,Zone A,4433,unoccupied
2025-02-07 19:40:00,light_301,lighting,Floor 3,Zone A,1733,unoccupied
2025-02-07 19:40:00,server_101,server,Floor 1,Server Room,908,unoccupied
2025-02-07 19:50:00,hvac_301,hvac,Floor 3,Zone A,4416,unoccupied
2025-02-07 19:50:00,light_301,lighting,Floor 3,Zone A,1716,unoccupied
2025-02-07 19:50:00,server_101,server,Floor 1,Server Room,904,unoccupied
2025-02-07 20:00:00,hvac_301,hvac,Floor 3,Zone A,4400,unoccupied
2025-02-07 20:00:00,light_301,lighting,Floor 3,Zone A,1700,unoccupied
2025-02-07 20:00:00,server_101,server,Floor 1,Server Room,900,unoccupied
2025-02-07 20:10:00,hvac_301,hvac,Floor 3,Zone A,4261,unoccupied
2025-02-07 20:10:00,light_301,lighting,Floor 3,Zone A,1647,unoccupied
2025-02-07 20:10:00,server_101,server,Floor 1,Server Room,900,unoccupied
2025-02-07 20:20:00,hvac_301,hvac,Floor 3,Zone A,4123,unoccupied
2025-02-07 20:20:00,light_301,lighting,Floor 3,Zone A,1595,unoccupied
2025-02-07 20:20:00,server_101,server,Floor 1,Server Room,900,unoccupied
2025-02-07 20:30:00,hvac_301,hvac,Floor 3,Zone A,3985,unoccupied
2025-02-07 20:30:00,light_301,lighting,Floor 3,Zone A,1542,unoccupied
2025-02-07 20:30:00,server_101,server,Floor 1,Server Room,900,unoccupied
2025-02-07 20:40:00,hvac_301,hvac,Floor 3,Zone A,3847,unoccupied
2025-02-07 20:40:00,light_301,lighting,Floor 3,Zone A,1490,unoccupied
2025-02-07 20:40:00,server_101,server,Floor 1,Server Room,900,unoccupied
2025-02-07 20:50:00,hvac_301,hvac,Floor 3,Zone A,3709,unoccupied
2025-02-07 20:50:00,light_301,lighting,Floor 3,Zone A,1438,unoccupied
2025-02-07 20:50:00,server_101,server,Floor 1,Server Room,900,unoccupied
2025-02-07 21:00:00,hvac_301,hvac,Floor 3,Zone A,3571,unoccupied
2025-02-07 21:00:00,light_301,lighting,Floor 3,Zone A,1385,unoccupied
2025-02-07 21:00:00,server_101,server,Floor 1,Server Room,900,unoccupied
2025-02-07 21:10:00,hvac_301,hvac,Floor 3,Zone A,3433,unoccupied
2025-02-07 21:10:00,light_301,lighting,Floor 3,Zone A,1333,unoccupied
2025-02-07 21:10:00,server_101,server,Floor 1,Server Room,900,unoccupied
2025-02-07 21:20:00,hvac_301,hvac,Floor 3,Zone A,3295,unoccupied
2025-02-07 21:20:00,light_301,lighting,Floor 3,Zone A,1280,unoccupied
2025-02-07 21:20:00,server_101,server,Floor 1,Server Room,900,unoccupied
2025-02-07 21:30:00,hvac_301,hvac,Floor 3,Zone A,3157,unoccupied
2025-02-07 21:30:00,light_301,lighting,Floor 3,Zone A,1228,unoccupied
2025-02-07 21:30:00,server_101,server,Floor 1,Server Room,900,unoccupied
2025-02-07 21:40:00,hvac_301,hvac,Floor 3,Zone A,3019,unoccupied
2025-02-07 21:40:00,light_301,lighting,Floor 3,Zone A,1176,unoccupied
2025-02-07 21:40:00,server_101,server,Floor 1,Server Room,900,unoccupied
2025-02-07 21:50:00,hvac_301,hvac,Floor 3,Zone A,2880,unoccupied
2025-02-07 21:50:00,light_301,lighting,Floor 3,Zone A,1123,unoccupied
2025-02-07 21:50:00,server_101,server,Floor 1,Server Room,900,unoccupied
2025-02-07 22:00:00,hvac_301,hvac,Floor 3,Zone A,2742,unoccupied
2025-02-07 22:00:00,light_301,lighting,Floor 3,Zone A,1071,unoccupied
2025-02-07 22:00:00,server_101,server,Floor 1,Server Room,900,unoccupied
2025-02-07 22:10:00,hvac_301,hvac,Floor 3,Zone A,2604,unoccupied
2025-02-07 22:10:00,light_301,lighting,Floor 3,Zone A,1019,unoccupied
2025-02-07 22:10:00,server_101,server,Floor 1,Server Room,900,unoccupied
2025-02-07 22:20:00,hvac_301,hvac,Floor 3,Zone A,2466,unoccupied
2025-02-07 22:20:00,light_301,lighting,Floor 3,Zone A,966,unoccupied
2025-02-07 22:20:00,server_101,server,Floor 1,Server Room,900,unoccupied
2025-02-07 22:30:00,hvac_301,hvac,Floor 3,Zone A,2328,unoccupied
2025-02-07 22:30:00,light_301,lighting,Floor 3,Zone A,914,unoccupied
2025-02-07 22:30:00,server_101,server,Floor 1,Server Room,900,unoccupied
2025-02-07 22:40:00,hvac_301,hvac,Floor 3,Zone A,2190,unoccupied
2025-02-07 22:40:00,light_301,lighting,Floor 3,Zone A,861,unoccupied
2025-02-07 22:40:00,server_101,server,Floor 1,Server Room,900,unoccupied
2025-02-07 22:50:00,hvac_301,hvac,Floor 3,Zone A,2052,unoccupied
2025-02-07 22:50:00,light_301,lighting,Floor 3,Zone A,809,unoccupied
2025-02-07 22:50:00,server_101,server,Floor 1,Server Room,900,unoccupied
2025-02-07 23:00:00,hvac_301,hvac,Floor 3,Zone A,1914,unoccupied
2025-02-07 23:00:00,light_301,lighting,Floor 3,Zone A,757,unoccupied
2025-02-07 23:00:00,server_101,server,Floor 1,Server Room,900,unoccupied
2025-02-07 23:10:00,hvac_301,hvac,Floor 3,Zone A,1776,unoccupied
2025-02-07 23:10:00,light_301,lighting,Floor 3,Zone A,704,unoccupied
2025-02-07 23:10:00,server_101,server,Floor 1,Server Room,900,unoccupied
2025-02-07 23:20:00,hvac_301,hvac,Floor 3,Zone A,1638,unoccupied
2025-02-07 23:20:00,light_301,lighting,Floor 3,Zone A,652,unoccupied
2025-02-07 23:20:00,server_101,server,Floor 1,Server Room,900,unoccupied
2025-02-07 23:30:00,hvac_301,hvac,Floor 3,Zone A,1500,unoccupied
2025-02-07 23:30:00,light_301,lighting,Floor 3,Zone A,600,unoccupied
2025-02-07 23:30:00,server_101,server,Floor 1,Server Room,900,unoccupied
2025-02-07 23:40:00,hvac_301,hvac,Floor 3,Zone A,1500,unoccupied
2025-02-07 23:40:00,light_301,lighting,Floor 3,Zone A,600,unoccupied
2025-02-07 23:40:00,server_101,server,Floor 1,Server Room,900,unoccupied
2025-02-07 23:50:00,hvac_301,hvac,Floor 3,Zone A,1500,unoccupied
2025-02-07 23:50:00,light_301,lighting,Floor 3,Zone A,600,unoccupied
2025-02-07 23:50:00,server_101,server,Floor 1,Server Room,900,unoccupied
